{
    "il_kanTV_04": {
        "id": "il_kanTV_04",
        "type": "tv",
        "subtype": "t",
        "name": "כאן 11",
        "metas": {
            "id": "il_kanTV_04",
            "name": "כאן 11",
            "type": "tv",
            "genres": [
                "actuality",
                "news",
                "חדשות",
                "אקטואליה"
            ],
            "background": "https://tomartsh.github.io/Stremio-KanBoxAddon/assets/kan.jpg",
            "poster": "https://tomartsh.github.io/Stremio-KanBoxAddon/assets/kan.jpg",
            "posterShape": "square",
            "description": "Kan 11 Live Stream From Israel",
            "videos": [
                {
                    "id": "il_kanTV_04",
                    "title": "כאן 11",
                    "description": "שידור חי כאן 11",
                    "released": 1741508510377,
                    "streams": [
                        {
                            "url": "https://kan11w.media.kan.org.il/hls/live/2105694/2105694/source1_600/chunklist.m3u8",
                            "type": "tv",
                            "name": "שידור חי כאן 11",
                            "description": "שידור חי כאן 11"
                        }
                    ]
                }
            ]
        }
    },
    "il_kanTV_05": {
        "id": "il_kanTV_05",
        "type": "tv",
        "subtype": "t",
        "name": "חינוכית",
        "metas": {
            "id": "il_kanTV_05",
            "name": "חינוכית",
            "type": "tv",
            "genres": [
                "Kids",
                "ילדים ונוער"
            ],
            "background": "https://tomartsh.github.io/Stremio-KanBoxAddon/assets/hinuchit.jpg",
            "poster": "https://tomartsh.github.io/Stremio-KanBoxAddon/assets/hinuchit.jpg",
            "posterShape": "landscape",
            "description": "שידורי הטלויזיה החינוכית",
            "videos": [
                {
                    "id": "il_kanTV_05",
                    "title": "חינוכית שידור חי",
                    "description": "חינוכית שידור חי",
                    "released": 1741508510378,
                    "streams": [
                        {
                            "url": "https://kan23.media.kan.org.il/hls/live/2024691-b/2024691/source1_4k/chunklist.m3u8",
                            "type": "tv",
                            "name": "חינוכית שידור חי",
                            "description": "חינוכית שידור חי"
                        }
                    ]
                }
            ]
        }
    },
    "il_kanTV_06": {
        "id": "il_kanTV_06",
        "type": "tv",
        "subtype": "t",
        "name": "שידורי ערוץ הכנסת 99",
        "metas": {
            "id": "il_kanTV_06",
            "name": "שידורי ערוץ הכנסת 99",
            "genres": [
                "Actuality",
                "אקטואליה"
            ],
            "type": "tv",
            "background": "https://www.knesset.tv/media/20004/logo-new.png",
            "poster": "https://www.knesset.tv/media/20004/logo-new.png",
            "posterShape": "landscape",
            "description": "שידורי ערוץ הכנסת - 99",
            "videos": [
                {
                    "id": "il_kanTV_06",
                    "title": "ערוץ הכנסת 99",
                    "description": "שידורי ערוץ הכנסת 99",
                    "released": 1741508510378,
                    "streams": [
                        {
                            "url": "https://contactgbs.mmdlive.lldns.net/contactgbs/a40693c59c714fecbcba2cee6e5ab957/manifest.m3u8",
                            "type": "tv",
                            "name": "ערוץ הכנסת 99",
                            "description": "שידורי ערוץ הכנסת 99"
                        }
                    ]
                }
            ]
        }
    },
    "il_kanTV_07": {
        "id": "il_kanTV_07",
        "type": "tv",
        "subtype": "t",
        "name": "שידורי ערוץ השידור הערבי",
        "metas": {
            "id": "il_kanTV_07",
            "name": "שידורי ערוץ השידור הערבי",
            "type": "tv",
            "genres": [
                "Actuality",
                "אקטואליה"
            ],
            "background": "https://www.makan.org.il/media/d3if2qoj/לוגו-ראשי-מכאן.png",
            "poster": "https://www.makan.org.il/media/d3if2qoj/לוגו-ראשי-מכאן.png",
            "posterShape": "landscape",
            "description": "שידורי ערוץ השידור הערבי",
            "videos": [
                {
                    "id": "il_kanTV_07",
                    "title": "ערוץ השידור הערבי",
                    "description": "שידורי ערוץ השידור הערבי",
                    "released": 1741508510379,
                    "streams": [
                        {
                            "url": "https://makan.media.kan.org.il/hls/live/2024680/2024680/master.m3u8",
                            "type": "tv",
                            "name": "ערוץ השידור הערבי",
                            "description": "שידורי ערוץ השידור הערבי"
                        }
                    ]
                }
            ]
        }
    },
    "il_makoTV_01": {
        "id": "il_makoTV_01",
        "type": "tv",
        "subtype": "t",
        "name": "מאקו ערוץ 12",
        "metas": {
            "id": "il_makoTV_01",
            "name": "שידור חי מאקו ערוץ 12",
            "genres": [
                "Actuality",
                "אקטואליה"
            ],
            "type": "tv",
            "background": "https://tomartsh.github.io/Stremio-KanBoxAddon/assets/LIVE_push_mako_tv.jpg",
            "poster": "https://tomartsh.github.io/Stremio-KanBoxAddon/assets/LIVE_push_mako_tv.jpg",
            "posterShape": "landscape",
            "description": "שידור חי מאקו ערוץ 12",
            "videos": [
                {
                    "id": "il_makoTV_01",
                    "title": "ערוץ מאקו 12",
                    "description": "שידור חי מאקו ערוץ 12",
                    "released": 1741508510379,
                    "streams": [
                        {
                            "url": "https://mako-streaming.akamaized.net/stream/hls/live/2033791/k12dvr/profile/2/hdntl=exp=1735669372~acl=%2f*~data=hdntl~hmac=b6e2493f547c81407d110fd0e7cf5ffc5cc6229721846c9908181b25a541a6e3/profileManifest.m3u8?_uid=a09bd8e7-f52a-4d5c-83a5-ebb3c664e7d8&rK=a3&_did=22bc6d40-f8a7-43c4-b1e0-ca555e4bc0cb",
                            "type": "tv",
                            "name": "שידור חי מאקו ערוץ 12",
                            "description": "שידור חי מאקו ערוץ 12"
                        }
                    ]
                }
            ]
        }
    },
    "il_ynetTv_01": {
        "id": "il_ynetTv_01",
        "type": "tv",
        "subtype": "t",
        "name": "שידור חי ynet",
        "metas": {
            "id": "il_ynetTv_01",
            "name": "שידור חי ynet",
            "genres": [
                "Actuality",
                "אקטואליה",
                "news"
            ],
            "type": "tv",
            "background": "https://tomartsh.github.io/Stremio-KanBoxAddon/assets/ynet_logo_gif_ynet.gif",
            "poster": "https://tomartsh.github.io/Stremio-KanBoxAddon/assets/ynet_logo_gif_ynet.gif",
            "posterShape": "landscape",
            "description": "שידור חי ynet",
            "videos": [
                {
                    "id": "il_ynetTv_01",
                    "title": "שידור חי ynet",
                    "description": "שידור חי ynet",
                    "released": 1741508510379,
                    "streams": [
                        {
                            "url": "https://ynet-live-02.ynet-pic1.yit.co.il/ynet/live_720.m3u8",
                            "type": "tv",
                            "name": "שידור חי ynet",
                            "description": "שידור חי ynet"
                        }
                    ]
                }
            ]
        }
    },
    "il_24newsEng_01": {
        "id": "il_24newsEng_01",
        "type": "tv",
        "subtype": "t",
        "name": "שידור חי באנגלית i24",
        "metas": {
            "id": "il_24newsEng_01",
            "name": "שידור חי באנגלית i24",
            "genres": [
                "Actuality",
                "אקטואליה",
                "news"
            ],
            "type": "tv",
            "background": "https://tomartsh.github.io/Stremio-KanBoxAddon/assets/i24new_english_square.png",
            "poster": "https://tomartsh.github.io/Stremio-KanBoxAddon/assets/i24new_english_square.png",
            "posterShape": "landscape",
            "description": "שידור חי באנגלית i24",
            "videos": [
                {
                    "id": "il_24newsEng_01",
                    "title": "שידור חי באנגלית i24",
                    "description": "שידור חי באנגלית i24",
                    "released": 1741508510380,
                    "streams": [
                        {
                            "url": "https://bcovlive-a.akamaihd.net/ecf224f43f3b43e69471a7b626481af0/eu-central-1/5377161796001/playlist.m3u8",
                            "type": "tv",
                            "name": "שידור חי באנגלית i24",
                            "description": "שידור חי באנגלית i24"
                        }
                    ]
                }
            ]
        }
    },
    "il_24newsHeb_01": {
        "id": "il_24newsHeb_01",
        "type": "tv",
        "subtype": "t",
        "name": "שידור חי בעיברית i24",
        "metas": {
            "id": "il_24newsHeb_01",
            "name": "שידור חי בעיברית i24",
            "type": "tv",
            "genres": [
                "Actuality",
                "אקטואליה",
                "news"
            ],
            "background": "https://tomartsh.github.io/Stremio-KanBoxAddon/assets/i24news_hebrew_square.png",
            "poster": "https://tomartsh.github.io/Stremio-KanBoxAddon/assets/i24news_hebrew_sqaure.png",
            "posterShape": "square",
            "description": "שידור חי בעיברית i24",
            "videos": [
                {
                    "id": "il_24newsHeb_01",
                    "title": "שידור חי בעיברית i24",
                    "description": "שידור חי בעיברית i24",
                    "released": 1741508510380,
                    "streams": [
                        {
                            "url": "https://bcovlive-a.akamaihd.net/d89ede8094c741b7924120b27764153c/eu-central-1/5377161796001/playlist.m3u8?__nn__=5476555825001&hdnea=st=1735653600~exp=1735657200~acl=/d89ede8094c741b7924120b27764153c/eu-central-1/5377161796001/*~hmac=b42070c372326b7d243bf09dced085e140a2a6480cc9312c13a80d6d7a148104",
                            "type": "tv",
                            "name": "שידור חי בעיברית i24",
                            "description": "שידור חי בעיברית i24"
                        }
                    ]
                }
            ]
        }
    },
    "il_24newsFrn_01": {
        "id": "il_24newsFrn_01",
        "type": "tv",
        "subtype": "t",
        "name": "שידור חי בצרפתית i24",
        "metas": {
            "id": "il_24newsFrn_01",
            "name": "שידור חי בצרפתית i24",
            "type": "tv",
            "genres": [
                "Actuality",
                "אקטואליה",
                "news"
            ],
            "background": "https://tomartsh.github.io/Stremio-KanBoxAddon/assets/i24new_french_square.png",
            "poster": "https://tomartsh.github.io/Stremio-KanBoxAddon/assets/i24new_french_square.png",
            "posterShape": "landscape",
            "description": "שידור חי בצרפתית i24",
            "videos": [
                {
                    "id": "il_24newsFrn_01",
                    "title": "שידור חי בצרפתית i24",
                    "description": "שידור חי בצרפתית i24",
                    "released": 1741508510380,
                    "streams": [
                        {
                            "url": "https://bcovlive-a.akamaihd.net/41814196d97e433fb401c5e632d985e9/eu-central-1/5377161796001/playlist.m3u8",
                            "type": "tv",
                            "name": "שידור חי בצרפתית i24",
                            "description": "שידור חי בצרפתית i24"
                        }
                    ]
                }
            ]
        }
    },
    "il_24newsArb_01": {
        "id": "il_24newsArb_01",
        "type": "tv",
        "subtype": "t",
        "name": "שידור חי בערבית i24",
        "metas": {
            "id": "il_24newsArb_01",
            "name": "שידור חי בערבית i24",
            "type": "tv",
            "genres": [
                "Actuality",
                "אקטואליה",
                "news"
            ],
            "background": "https://tomartsh.github.io/Stremio-KanBoxAddon/assets/i24news_arabic_square.png",
            "poster": "https://tomartsh.github.io/Stremio-KanBoxAddon/assets/i24news_arabic_square.png",
            "posterShape": "landscape",
            "description": "שידור חי בערבית i24",
            "videos": [
                {
                    "id": "il_24newsArb_01",
                    "title": "שידור חי בערבית i24",
                    "description": "שידור חי בערבית i24",
                    "released": 1741508510380,
                    "streams": [
                        {
                            "url": "https://bcovlive-a.akamaihd.net/95116e8d79524d87bf3ac20ba04241e3/eu-central-1/5377161796001/playlist.m3u8",
                            "type": "tv",
                            "name": "שידור חי בערבית i24",
                            "description": "שידור חי בערבית i24"
                        }
                    ]
                }
            ]
        }
    },
    "il_24_01": {
        "id": "il_24_01",
        "type": "tv",
        "subtype": "t",
        "name": "שידור חי 24",
        "metas": {
            "id": "il_24_01",
            "name": "שידור חי 24",
            "type": "tv",
            "genres": [
                "Actuality",
                "אקטואליה",
                "news"
            ],
            "background": "https://tomartsh.github.io/Stremio-KanBoxAddon/assets/channel_24_square.jpg",
            "poster": "https://tomartsh.github.io/Stremio-KanBoxAddon/assets/channel_24_square.jpg",
            "posterShape": "landscape",
            "description": "שידור חי 24",
            "videos": [
                {
                    "id": "il_24_01",
                    "title": "שידור חי 24",
                    "description": "שידור חי 24",
                    "released": 1741508510380,
                    "streams": [
                        {
                            "url": "https://mako-streaming.akamaized.net/direct/hls/live/2035340/ch24live/hdntl=exp=1735742336~acl=%2f*~data=hdntl~hmac=7eedf5eaef20a12e53120f7bcc33e0a0ebbc95c83894b870abdb45976d91d493/video_7201280_p_1.m3u8",
                            "type": "tv",
                            "name": "שידור חי 24",
                            "description": "שידור חי 24"
                        }
                    ]
                }
            ]
        }
    }
}