{
    "il_kanTV_04": {
        "id": "il_kanTV_04",
        "type": "tv",
        "subtype": "t",
        "name": "כאן 11",
        "metas": {
            "id": "il_kanTV_04",
            "name": "כאן 11",
            "type": "tv",
            "genres": [
                "actuality",
                "news",
                "חדשות",
                "אקטואליה"
            ],
            "background": "https://tomartsh.github.io/Stremio-KanBoxAddon/assets/kan.jpg",
            "poster": "https://tomartsh.github.io/Stremio-KanBoxAddon/assets/kan.jpg",
            "posterShape": "square",
            "description": "Kan 11 Live Stream From Israel"            
        }
    },
    "il_kanTV_05": {
        "id": "il_kanTV_05",
        "type": "tv",
        "subtype": "t",
        "name": "חינוכית",
        "metas": {
            "id": "il_kanTV_05",
            "name": "חינוכית",
            "type": "tv",
            "genres": [
                "Kids",
                "ילדים ונוער"
            ],
            "background": "https://tomartsh.github.io/Stremio-KanBoxAddon/assets/hinuchit.jpg",
            "poster": "https://tomartsh.github.io/Stremio-KanBoxAddon/assets/hinuchit.jpg",
            "posterShape": "landscape",
            "description": "שידורי הטלויזיה החינוכית",
        }
    },
    "il_kanTV_06": {
        "id": "il_kanTV_06",
        "type": "tv",
        "subtype": "t",
        "name": "שידורי ערוץ הכנסת 99",
        "metas": {
            "id": "il_kanTV_06",
            "name": "שידורי ערוץ הכנסת 99",
            "genres": [
                "Actuality",
                "אקטואליה"
            ],
            "type": "tv",
            "background": "https://www.knesset.tv/media/20004/logo-new.png",
            "poster": "https://www.knesset.tv/media/20004/logo-new.png",
            "posterShape": "landscape",
            "description": "שידורי ערוץ הכנסת - 99"
        }
    },
    "il_kanTV_07": {
        "id": "il_kanTV_07",
        "type": "tv",
        "subtype": "t",
        "name": "שידורי ערוץ השידור הערבי",
        "metas": {
            "id": "il_kanTV_07",
            "name": "שידורי ערוץ השידור הערבי",
            "type": "tv",
            "genres": [
                "Actuality",
                "אקטואליה"
            ],
            "background": "https://www.makan.org.il/media/d3if2qoj/לוגו-ראשי-מכאן.png",
            "poster": "https://www.makan.org.il/media/d3if2qoj/לוגו-ראשי-מכאן.png",
            "posterShape": "landscape",
            "description": "שידורי ערוץ השידור הערבי"
        }
    },
    "il_makoTV_01": {
        "id": "il_makoTV_01",
        "type": "tv",
        "subtype": "t",
        "name": "מאקו ערוץ 12",
        "metas": {
            "id": "il_makoTV_01",
            "name": "שידור חי מאקו ערוץ 12",
            "genres": [
                "Actuality",
                "אקטואליה"
            ],
            "type": "tv",
            "background": "https://tomartsh.github.io/Stremio-KanBoxAddon/assets/LIVE_push_mako_tv.jpg",
            "poster": "https://tomartsh.github.io/Stremio-KanBoxAddon/assets/LIVE_push_mako_tv.jpg",
            "posterShape": "landscape",
            "description": "שידור חי מאקו ערוץ 12"
        }
    },
    "il_ynetTv_01": {
        "id": "il_ynetTv_01",
        "type": "tv",
        "subtype": "t",
        "name": "שידור חי ynet",
        "metas": {
            "id": "il_ynetTv_01",
            "name": "שידור חי ynet",
            "genres": [
                "Actuality",
                "אקטואליה",
                "news"
            ],
            "type": "tv",
            "background": "https://tomartsh.github.io/Stremio-KanBoxAddon/assets/ynet_logo_gif_ynet.gif",
            "poster": "https://tomartsh.github.io/Stremio-KanBoxAddon/assets/ynet_logo_gif_ynet.gif",
            "posterShape": "landscape",
            "description": "שידור חי ynet"
        }
    },
    "il_24newsEng_01": {
        "id": "il_24newsEng_01",
        "type": "tv",
        "subtype": "t",
        "name": "שידור חי באנגלית i24",
        "metas": {
            "id": "il_24newsEng_01",
            "name": "שידור חי באנגלית i24",
            "genres": [
                "Actuality",
                "אקטואליה",
                "news"
            ],
            "type": "tv",
            "background": "https://tomartsh.github.io/Stremio-KanBoxAddon/assets/i24new_english_square.png",
            "poster": "https://tomartsh.github.io/Stremio-KanBoxAddon/assets/i24new_english_square.png",
            "posterShape": "landscape",
            "description": "שידור חי באנגלית i24"
        
    },
    "il_24newsHeb_01": {
        "id": "il_24newsHeb_01",
        "type": "tv",
        "subtype": "t",
        "name": "שידור חי בעיברית i24",
        "metas": {
            "id": "il_24newsHeb_01",
            "name": "שידור חי בעיברית i24",
            "type": "tv",
            "genres": [
                "Actuality",
                "אקטואליה",
                "news"
            ],
            "background": "https://tomartsh.github.io/Stremio-KanBoxAddon/assets/i24news_hebrew_square.png",
            "poster": "https://tomartsh.github.io/Stremio-KanBoxAddon/assets/i24news_hebrew_sqaure.png",
            "posterShape": "square",
            "description": "שידור חי בעיברית i24"
        }
    },
    "il_24newsFrn_01": {
        "id": "il_24newsFrn_01",
        "type": "tv",
        "subtype": "t",
        "name": "שידור חי בצרפתית i24",
        "metas": {
            "id": "il_24newsFrn_01",
            "name": "שידור חי בצרפתית i24",
            "type": "tv",
            "genres": [
                "Actuality",
                "אקטואליה",
                "news"
            ],
            "background": "https://tomartsh.github.io/Stremio-KanBoxAddon/assets/i24new_french_square.png",
            "poster": "https://tomartsh.github.io/Stremio-KanBoxAddon/assets/i24new_french_square.png",
            "posterShape": "landscape",
            "description": "שידור חי בצרפתית i24"
        }
    },
    "il_24newsArb_01": {
        "id": "il_24newsArb_01",
        "type": "tv",
        "subtype": "t",
        "name": "שידור חי בערבית i24",
        "metas": {
            "id": "il_24newsArb_01",
            "name": "שידור חי בערבית i24",
            "type": "tv",
            "genres": [
                "Actuality",
                "אקטואליה",
                "news"
            ],
            "background": "https://tomartsh.github.io/Stremio-KanBoxAddon/assets/i24news_arabic_square.png",
            "poster": "https://tomartsh.github.io/Stremio-KanBoxAddon/assets/i24news_arabic_square.png",
            "posterShape": "landscape",
            "description": "שידור חי בערבית i24"
        
    },
    "il_24_01": {
        "id": "il_24_01",
        "type": "tv",
        "subtype": "t",
        "name": "שידור חי 24",
        "metas": {
            "id": "il_24_01",
            "name": "שידור חי 24",
            "type": "tv",
            "genres": [
                "Actuality",
                "אקטואליה",
                "news"
            ],
            "background": "https://tomartsh.github.io/Stremio-KanBoxAddon/assets/channel_24_square.jpg",
            "poster": "https://tomartsh.github.io/Stremio-KanBoxAddon/assets/channel_24_square.jpg",
            "posterShape": "landscape",
            "description": "שידור חי 24"
        }
    }
}